"generation"	"timeTotal"	"timeOfIteration"	"fitnessCallCountSoFar"	"fitnessCallCountOfIteration"	"idOfBest"	"costOfBest"	"idOfSecond"	"costOfSecond"	"idOfThird"	"costOfThird"	"idOfWorst"	"costOfWorst"	"idOfMedian"	"costOfMedian"	"diversity"	"geneBalance"	"spentTimeOfMutation"	"spentBudgetOfMutation"	"improvementCountPerRunOfMutation"	"improvementCountPerBudgetOfMutation"	"spentTimeOfMutationOnBest"	"spentBudgetOfMutationOnBest"	"improvementCountPerRunOfMutationOnBest"	"improvementCountPerBudgetOfMutationOnBest"	"spentTimeOfGeneTransfer"	"spentBudgetOfGeneTransfer"	"improvementCountPerRunOfGeneTransfer"	"improvementCountPerBudgetOfGeneTransfer"	"spentTimeOfBoost"	"spentBudgetOfBoost"	"improvementCountPerRunOfBoost"	"improvementCountPerBudgetOfBoost"	"spentTimeOfBoostOnBest"	"spentBudgetOfBoostOnBest"	"improvementCountPerRunOfBoostOnBest"	"improvementCountPerBudgetOfBoostOnBest"	
2	19	19	20616	20616	0	63481.066	1	68458.03000000001	2	68580.75900000002	9	79693.866	4	75977.97700000001	1.7976931348623157E308	0.0	2.904800ms	210	2.904800ms	2.6732635094601457E-4	2.904800ms	210	2.904800ms	2.6732635094601457E-4	76.538900ms	10	76.538900ms	0.0017471212557546023	0s	0	0s	0.0	0s	0	0s	0.0	
3	23	3	20834	218	0	59926.415	1	68458.03000000001	2	68580.75900000002	9	79693.866	4	75977.97700000001	1.7976931348623157E308	0.0	2.543199ms	210	2.543199ms	2.6664501071562867E-4	2.543199ms	210	2.543199ms	2.6664501071562867E-4	903.501us	10	903.501us	0.0043226198767194355	0s	0	0s	0.0	0s	0	0s	0.0	
4	27	4	21054	220	0	53973.88999999999	1	68458.03000000001	2	68580.75900000002	8	77983.37299999999	4	75977.97700000001	1.7976931348623157E308	0.0	2.965099ms	210	2.965099ms	4.73002717463696E-4	2.965099ms	210	2.965099ms	4.73002717463696E-4	852.102us	10	852.102us	0.005266705205163191	0s	0	0s	0.0	0s	0	0s	0.0	
5	32	4	21274	220	0	53814.743999999984	1	68458.03000000001	2	68580.75900000002	8	77983.37299999999	4	75977.97700000001	1.7976931348623157E308	0.0	2.831600ms	210	2.831600ms	1.4040827800963045E-5	2.831600ms	210	2.831600ms	1.4040827800963045E-5	1.018300ms	10	1.018300ms	0.0	0s	0	0s	0.0	0s	0	0s	0.0	
6	35	3	21494	220	0	50674.162	1	68458.03000000001	2	68580.75900000002	8	77983.37299999999	5	75236.855	1.7976931348623157E308	0.0	2.723900ms	210	2.723900ms	2.77900650813322E-4	2.723900ms	210	2.723900ms	2.77900650813322E-4	884.997us	10	884.997us	0.006129262957343539	0s	0	0s	0.0	0s	0	0s	0.0	
