"generation"	"timeTotal"	"timeOfIteration"	"fitnessCallCountSoFar"	"fitnessCallCountOfIteration"	"idOfBest"	"costOfBest"	"idOfSecond"	"costOfSecond"	"idOfThird"	"costOfThird"	"idOfWorst"	"costOfWorst"	"idOfMedian"	"costOfMedian"	"diversity"	"geneBalance"	"spentTimeOfMutation"	"spentBudgetOfMutation"	"improvementCountPerRunOfMutation"	"improvementCountPerBudgetOfMutation"	"spentTimeOfMutationOnBest"	"spentBudgetOfMutationOnBest"	"improvementCountPerRunOfMutationOnBest"	"improvementCountPerBudgetOfMutationOnBest"	"spentTimeOfGeneTransfer"	"spentBudgetOfGeneTransfer"	"improvementCountPerRunOfGeneTransfer"	"improvementCountPerBudgetOfGeneTransfer"	"spentTimeOfBoost"	"spentBudgetOfBoost"	"improvementCountPerRunOfBoost"	"improvementCountPerBudgetOfBoost"	"spentTimeOfBoostOnBest"	"spentBudgetOfBoostOnBest"	"improvementCountPerRunOfBoostOnBest"	"improvementCountPerBudgetOfBoostOnBest"	
2	2785	2785	154778	154778	88	1.670918962E9	24	1.673491289E9	53	1.674099705E9	62	1.840145712E9	82	1.747367768E9	1.7976931348623157E308	0.0	31.583164700s	155000	31.583164700s	1.4046385870004796E-4	642.228700ms	1550	642.228700ms	1.228384096010554E-4	521.197200ms	40	521.197200ms	0.04814109851783897	0s	0	0s	0.0	0s	0	0s	0.0	
3	5295	2509	309474	154696	13	1.40554187E9	45	1.418637356E9	82	1.419834074E9	30	1.610652998E9	90	1.520317332E9	1.7976931348623157E308	0.0	28.992863800s	155000	28.992863800s	7.346646505019631E-5	262.941800ms	1550	262.941800ms	5.529592581626466E-5	90.843600ms	40	90.843600ms	0.05383280008273249	0s	0	0s	0.0	0s	0	0s	0.0	
4	7611	2315	464172	154698	92	1.245240474E9	88	1.248918002E9	14	1.265156783E9	87	1.514366295E9	26	1.362223495E9	1.7976931348623157E308	0.0	26.737129300s	155000	26.737129300s	4.9383017213797016E-5	325.107600ms	1550	325.107600ms	4.825255596401084E-5	58.544900ms	40	58.544900ms	0.0610987197550954	0s	0	0s	0.0	0s	0	0s	0.0	
